id,first_name,last_name,email,gender,job
1,Bobette,Gussin,bgussin0@tuttocitta.it,F,Chemical Engineer
2,Mallory,Avon,mavon1@gravatar.com,M,Software Test Engineer II
3,Fania,Elbourn,felbourn2@stanford.edu,F,Research Assistant II
4,Kerby,Kingsland,kkingsland3@blogtalkradio.com,M,Physical Therapy Assistant
5,Ban,Clitherow,bclitherow4@newyorker.com,M,Research Nurse
6,Ferd,Philippon,fphilippon5@samsung.com,M,Human Resources Manager
7,Livvyy,Glass,lglass6@1688.com,F,Tax Accountant
8,Gillan,Davoren,gdavoren7@seattletimes.com,F,Office Assistant I
9,Ferdinanda,Adamini,fadamini8@earthlink.net,F,Web Designer II
10,Melisa,MacGaffey,mmacgaffey9@imdb.com,F,Recruiting Manager
11,Pierce,Pargeter,ppargetera@facebook.com,M,Recruiter
12,Tadd,Talby,ttalbyb@ebay.com,M,Pharmacist
13,Frederica,Lamke,flamkec@unesco.org,F,Financial Analyst
14,Duffie,Bunning,dbunningd@newyorker.com,M,Staff Scientist
15,Christian,Thinn,cthinne@taobao.com,F,Environmental Specialist
16,Julian,Heijne,jheijnef@samsung.com,M,VP Quality Control
17,Blondell,Korpal,bkorpalg@apple.com,F,Analyst Programmer
18,Jeffie,Bowne,jbowneh@yandex.ru,M,Quality Engineer
19,Bethanne,Diggin,bdiggini@statcounter.com,F,Sales Representative
20,Nelia,Morrieson,nmorriesonj@cafepress.com,F,Mechanical Systems Engineer
21,Matthias,Dunton,mduntonk@booking.com,M,Senior Editor
22,Trueman,Miskin,tmiskinl@xrea.com,M,Software Test Engineer III
23,Fidelia,Bodleigh,fbodleighm@yandex.ru,F,Environmental Specialist
24,Ezequiel,Calvard,ecalvardn@narod.ru,M,Information Systems Manager
25,Nicole,Crosio,ncrosioo@google.ru,F,Operator
26,Ofella,Hallowes,ohallowesp@ovh.net,F,Health Coach IV
27,Jacklyn,Catt,jcattq@samsung.com,F,Accounting Assistant II
28,Jermain,Ainscough,jainscoughr@ezinearticles.com,M,Computer Systems Analyst IV
29,Mira,Dohms,mdohmss@princeton.edu,F,Staff Accountant III
30,Micaela,Abade,mabadet@mashable.com,F,Programmer Analyst IV
31,Sawyere,Sayes,ssayesu@prlog.org,M,Speech Pathologist
32,Melli,Obington,mobingtonv@amazonaws.com,F,Design Engineer
33,Rosa,Hanbidge,rhanbidgew@prnewswire.com,F,Developer IV
34,Carmelia,Vergine,cverginex@networkadvertising.org,F,Desktop Support Technician
35,Olia,Perse,opersey@scientificamerican.com,F,Assistant Media Planner
36,Darlleen,Ratt,drattz@dell.com,F,Paralegal
37,Chrystel,Cumberpatch,ccumberpatch10@bloomberg.com,F,Safety Technician II
38,Jody,Starbeck,jstarbeck11@amazon.de,M,Accountant IV
39,Kirstyn,Huckerbe,khuckerbe12@ihg.com,F,Research Associate
40,Cordi,Grunwald,cgrunwald13@slashdot.org,F,Senior Cost Accountant
41,Daveta,Dodgshon,ddodgshon14@cloudflare.com,F,Web Developer II
42,Ileane,Grzelczak,igrzelczak15@sfgate.com,F,Senior Sales Associate
43,Cyril,Hedger,chedger16@comsenz.com,M,Human Resources Assistant II
44,Shell,Maggill'Andreis,smaggillandreis17@free.fr,F,Accounting Assistant IV
45,Jock,Kadar,jkadar18@reverbnation.com,M,Programmer Analyst III
46,Dev,Hambidge,dhambidge19@google.co.jp,M,Account Executive
47,Robbin,Denford,rdenford1a@qq.com,F,Account Executive
48,Horst,Larrat,hlarrat1b@sourceforge.net,M,Assistant Professor
49,Keith,Kiggel,kkiggel1c@linkedin.com,M,Health Coach IV
50,Maighdiln,Sealey,msealey1d@xing.com,F,Assistant Media Planner